--
-- PostgreSQL database dump
--

-- Dumped from database version 14.6
-- Dumped by pg_dump version 14.6

-- Started on 2022-12-11 10:19:55

SET statement_timeout = 0;
SET lock_timeout = 0;
SET idle_in_transaction_session_timeout = 0;
SET client_encoding = 'UTF8';
SET standard_conforming_strings = on;
SELECT pg_catalog.set_config('search_path', '', false);
SET check_function_bodies = false;
SET xmloption = content;
SET client_min_messages = warning;
SET row_security = off;

SET default_tablespace = '';

SET default_table_access_method = heap;

--
-- TOC entry 210 (class 1259 OID 24643)
-- Name: category; Type: TABLE; Schema: public; Owner: postgres
--

CREATE TABLE public.category (
    id integer NOT NULL,
    name character varying(255)
);


ALTER TABLE public.category OWNER TO postgres;

--
-- TOC entry 209 (class 1259 OID 24642)
-- Name: category_id_seq; Type: SEQUENCE; Schema: public; Owner: postgres
--

ALTER TABLE public.category ALTER COLUMN id ADD GENERATED BY DEFAULT AS IDENTITY (
    SEQUENCE NAME public.category_id_seq
    START WITH 1
    INCREMENT BY 1
    NO MINVALUE
    NO MAXVALUE
    CACHE 1
);


--
-- TOC entry 214 (class 1259 OID 24716)
-- Name: image; Type: TABLE; Schema: public; Owner: postgres
--

CREATE TABLE public.image (
    id integer NOT NULL,
    file_name character varying(255),
    product_id integer NOT NULL
);


ALTER TABLE public.image OWNER TO postgres;

--
-- TOC entry 213 (class 1259 OID 24715)
-- Name: image_id_seq; Type: SEQUENCE; Schema: public; Owner: postgres
--

ALTER TABLE public.image ALTER COLUMN id ADD GENERATED BY DEFAULT AS IDENTITY (
    SEQUENCE NAME public.image_id_seq
    START WITH 1
    INCREMENT BY 1
    NO MINVALUE
    NO MAXVALUE
    CACHE 1
);


--
-- TOC entry 216 (class 1259 OID 24722)
-- Name: orders; Type: TABLE; Schema: public; Owner: postgres
--

CREATE TABLE public.orders (
    id integer NOT NULL,
    count integer NOT NULL,
    date_time timestamp without time zone,
    number character varying(255),
    price real NOT NULL,
    status integer,
    person_id integer NOT NULL,
    product_id integer NOT NULL
);


ALTER TABLE public.orders OWNER TO postgres;

--
-- TOC entry 215 (class 1259 OID 24721)
-- Name: orders_id_seq; Type: SEQUENCE; Schema: public; Owner: postgres
--

ALTER TABLE public.orders ALTER COLUMN id ADD GENERATED BY DEFAULT AS IDENTITY (
    SEQUENCE NAME public.orders_id_seq
    START WITH 1
    INCREMENT BY 1
    NO MINVALUE
    NO MAXVALUE
    CACHE 1
);


--
-- TOC entry 212 (class 1259 OID 24661)
-- Name: person; Type: TABLE; Schema: public; Owner: postgres
--

CREATE TABLE public.person (
    id integer NOT NULL,
    login character varying(50),
    password character varying(255),
    role character varying(255)
);


ALTER TABLE public.person OWNER TO postgres;

--
-- TOC entry 211 (class 1259 OID 24660)
-- Name: person_id_seq; Type: SEQUENCE; Schema: public; Owner: postgres
--

ALTER TABLE public.person ALTER COLUMN id ADD GENERATED BY DEFAULT AS IDENTITY (
    SEQUENCE NAME public.person_id_seq
    START WITH 1
    INCREMENT BY 1
    NO MINVALUE
    NO MAXVALUE
    CACHE 1
);


--
-- TOC entry 218 (class 1259 OID 24728)
-- Name: product; Type: TABLE; Schema: public; Owner: postgres
--

CREATE TABLE public.product (
    id integer NOT NULL,
    date_time_of_created timestamp without time zone,
    description text NOT NULL,
    price real NOT NULL,
    seller character varying(255) NOT NULL,
    title text NOT NULL,
    warehouse character varying(255) NOT NULL,
    category_id integer NOT NULL,
    CONSTRAINT product_price_check CHECK ((price >= (1)::double precision))
);


ALTER TABLE public.product OWNER TO postgres;

--
-- TOC entry 220 (class 1259 OID 24737)
-- Name: product_cart; Type: TABLE; Schema: public; Owner: postgres
--

CREATE TABLE public.product_cart (
    id integer NOT NULL,
    person_id integer,
    product_id integer
);


ALTER TABLE public.product_cart OWNER TO postgres;

--
-- TOC entry 219 (class 1259 OID 24736)
-- Name: product_cart_id_seq; Type: SEQUENCE; Schema: public; Owner: postgres
--

ALTER TABLE public.product_cart ALTER COLUMN id ADD GENERATED BY DEFAULT AS IDENTITY (
    SEQUENCE NAME public.product_cart_id_seq
    START WITH 1
    INCREMENT BY 1
    NO MINVALUE
    NO MAXVALUE
    CACHE 1
);


--
-- TOC entry 217 (class 1259 OID 24727)
-- Name: product_id_seq; Type: SEQUENCE; Schema: public; Owner: postgres
--

ALTER TABLE public.product ALTER COLUMN id ADD GENERATED BY DEFAULT AS IDENTITY (
    SEQUENCE NAME public.product_id_seq
    START WITH 1
    INCREMENT BY 1
    NO MINVALUE
    NO MAXVALUE
    CACHE 1
);


--
-- TOC entry 3350 (class 0 OID 24643)
-- Dependencies: 210
-- Data for Name: category; Type: TABLE DATA; Schema: public; Owner: postgres
--

INSERT INTO public.category (id, name) VALUES (1, 'Запчасти');
INSERT INTO public.category (id, name) VALUES (2, 'Аксессуары');


--
-- TOC entry 3354 (class 0 OID 24716)
-- Dependencies: 214
-- Data for Name: image; Type: TABLE DATA; Schema: public; Owner: postgres
--

INSERT INTO public.image (id, file_name, product_id) VALUES (1, 'efbb24c4-b47f-4e2b-b66f-604c84d2d5af.307-30-10011.jpeg', 1);
INSERT INTO public.image (id, file_name, product_id) VALUES (2, '31f6c531-b9e9-42ac-9908-8fa88147bfeb.', 1);
INSERT INTO public.image (id, file_name, product_id) VALUES (3, '86b681e6-59d6-47e4-b286-47164bbd8dcd.', 1);
INSERT INTO public.image (id, file_name, product_id) VALUES (4, 'b0a43d7b-393a-4bd8-a77d-3ac0ed628dcc.', 1);
INSERT INTO public.image (id, file_name, product_id) VALUES (5, '8e91ac9c-4043-4efb-8ff2-c59fe5b4447c.', 1);
INSERT INTO public.image (id, file_name, product_id) VALUES (6, '57257968-084e-4b13-8d9c-654302b2e0d9.KN_Sliy_12_2.jpg', 4);
INSERT INTO public.image (id, file_name, product_id) VALUES (7, 'bf460af1-2d2c-4849-a6dd-5d0d53867589.BU-1108.jpg', 4);
INSERT INTO public.image (id, file_name, product_id) VALUES (8, '34873672-4091-40e7-815a-3995ed0f9209.', 4);
INSERT INTO public.image (id, file_name, product_id) VALUES (9, '58972a1b-0ee4-4603-b008-f19a11a0855d.', 4);
INSERT INTO public.image (id, file_name, product_id) VALUES (10, '798bfaeb-f73a-457e-8870-c742a2c5f554.', 4);
INSERT INTO public.image (id, file_name, product_id) VALUES (11, '07bfb4c0-23ae-40b0-b654-eeef2b6b1cf9.BU-5000.jpg', 5);
INSERT INTO public.image (id, file_name, product_id) VALUES (12, 'f0850f8f-e9ac-410a-877b-2b91036c8d5d.KN_Sliy_12_2.jpg', 5);
INSERT INTO public.image (id, file_name, product_id) VALUES (13, 'd55ce784-9e5b-4c2f-b3bc-5a07cba18ddd.', 5);
INSERT INTO public.image (id, file_name, product_id) VALUES (14, '523bd7f6-5ca5-498b-8f04-233b67462d41.', 5);
INSERT INTO public.image (id, file_name, product_id) VALUES (15, '2fd4636a-da5c-4ea9-b403-795476fe9c60.', 5);
INSERT INTO public.image (id, file_name, product_id) VALUES (16, 'd8559ea8-1a18-4d6d-9281-3ed2007934ae.BU-9003.jpg', 6);
INSERT INTO public.image (id, file_name, product_id) VALUES (17, '52c44bdb-0fa9-4e7f-b2cd-bb26a5c33f5a.KN_Sliy_12_2.jpg', 6);
INSERT INTO public.image (id, file_name, product_id) VALUES (18, '495049e3-8751-49fa-a4c5-2334a9425788.', 6);
INSERT INTO public.image (id, file_name, product_id) VALUES (19, '4ddd4677-090f-40bc-9da9-93f28d6a4ca1.', 6);
INSERT INTO public.image (id, file_name, product_id) VALUES (20, '85fbd195-c77a-4c7f-b08a-09f8ad269bcd.', 6);
INSERT INTO public.image (id, file_name, product_id) VALUES (21, '4edb43dc-a6e4-42e8-91c8-cf0ce86367c9.FD0136.jpg', 7);
INSERT INTO public.image (id, file_name, product_id) VALUES (22, '280b42e9-0d0c-4f31-93b3-6668e5c36252.', 7);
INSERT INTO public.image (id, file_name, product_id) VALUES (23, '48920143-0d90-4f74-9dd7-6033c6d955fb.', 7);
INSERT INTO public.image (id, file_name, product_id) VALUES (24, '2fa71833-d9a6-426b-9d52-0fb371bd536d.', 7);
INSERT INTO public.image (id, file_name, product_id) VALUES (25, '881d2e73-1f3f-467f-a419-7914c44b9bc3.', 7);
INSERT INTO public.image (id, file_name, product_id) VALUES (26, '30310904-1ca1-4ce4-8296-248d9bdb4fc0.015486or.jpg', 8);
INSERT INTO public.image (id, file_name, product_id) VALUES (27, '508d0645-06a3-400c-9b09-3d300b5327e3.015486or-1.jpg', 8);
INSERT INTO public.image (id, file_name, product_id) VALUES (28, '38bb8c5a-e2ab-4ff2-84b4-c7a9d0d338b6.015486or-2.jpg', 8);
INSERT INTO public.image (id, file_name, product_id) VALUES (29, 'f5a1a951-0b00-47b8-8445-f41663014fe9.015486hc0frj.jpg', 8);
INSERT INTO public.image (id, file_name, product_id) VALUES (30, '3a92de2a-09f3-4a75-9685-9f75a68ae0ea.', 8);
INSERT INTO public.image (id, file_name, product_id) VALUES (31, 'f30bf1e8-d344-45c3-a8e8-b91cf9cfa664.018289o.png', 9);
INSERT INTO public.image (id, file_name, product_id) VALUES (32, '80e91104-e768-429f-b1a2-647619189f70.', 9);
INSERT INTO public.image (id, file_name, product_id) VALUES (33, '9318f271-b8b7-44b5-bfdf-0d384cd484b6.', 9);
INSERT INTO public.image (id, file_name, product_id) VALUES (34, '707904cb-0bd6-4c1c-97f5-d409da0b3903.', 9);
INSERT INTO public.image (id, file_name, product_id) VALUES (35, '9b9445ec-6d2d-4cca-985a-500b15708b06.', 9);
INSERT INTO public.image (id, file_name, product_id) VALUES (36, '58eabd22-ed05-41f4-b097-a8d33e464e99.003643.jpg', 10);
INSERT INTO public.image (id, file_name, product_id) VALUES (37, 'c6214a66-b27d-4690-90a9-3064132c89fa.', 10);
INSERT INTO public.image (id, file_name, product_id) VALUES (38, 'd12f77fe-0c11-457f-b451-1810e12dc0fb.', 10);
INSERT INTO public.image (id, file_name, product_id) VALUES (39, 'bb75b6b6-8cea-4ca1-963e-6b42e809dc34.', 10);
INSERT INTO public.image (id, file_name, product_id) VALUES (40, 'b10c8161-af64-4e53-9c12-a49ee714e341.', 10);
INSERT INTO public.image (id, file_name, product_id) VALUES (41, '18ee5853-5255-41a6-97e4-0d888e6d6534.502-00-01077.png', 11);
INSERT INTO public.image (id, file_name, product_id) VALUES (42, '37a40c57-2248-45e2-a8ad-fbbf5a34291e.', 11);
INSERT INTO public.image (id, file_name, product_id) VALUES (43, 'fc19b4d2-8fa1-40e0-b69b-3400b806fca4.', 11);
INSERT INTO public.image (id, file_name, product_id) VALUES (44, 'f2473a12-d37e-417c-84fc-8d67438f3160.', 11);
INSERT INTO public.image (id, file_name, product_id) VALUES (45, '0b981e61-5a43-41a1-b5b0-4cd3ee8e16b2.', 11);


--
-- TOC entry 3356 (class 0 OID 24722)
-- Dependencies: 216
-- Data for Name: orders; Type: TABLE DATA; Schema: public; Owner: postgres
--

INSERT INTO public.orders (id, count, date_time, number, price, status, person_id, product_id) VALUES (1, 1, '2022-12-10 16:54:22.987314', 'c1764180-2991-4101-82b0-5222291a501c', 27300, 1, 2, 1);


--
-- TOC entry 3352 (class 0 OID 24661)
-- Dependencies: 212
-- Data for Name: person; Type: TABLE DATA; Schema: public; Owner: postgres
--

INSERT INTO public.person (id, login, password, role) VALUES (1, 'Grungekur', '$2a$10$6V4LJs3rlD3IVIRBWQwQ4eGyeKGuDFHCwX25v70XPAs470j0uyIvG', 'ROLE_ADMIN');
INSERT INTO public.person (id, login, password, role) VALUES (2, 'user_test', '$2a$10$hu1vwzngNA9U3c3pBiWRuuioxNA6Mu5raAjVKSa/FuJf5L5M4elgW', 'ROLE_USER');


--
-- TOC entry 3358 (class 0 OID 24728)
-- Dependencies: 218
-- Data for Name: product; Type: TABLE DATA; Schema: public; Owner: postgres
--

INSERT INTO public.product (id, date_time_of_created, description, price, seller, title, warehouse, category_id) VALUES (1, '2022-12-10 16:36:02.826597', 'Материал :

DuPont ™ Kevlar®
 

Состав :

Фрикционных дисков 9 шт.
Стальных дисков 8 шт.
 

Примечание :

Используется без оригинального промежуточного диска сцепления
Добавляет на 12% больше площади поверхности к пакету сцепления
Производство США
 

Комплект с эксклюзивными фрикционными дисками Barnett из Kevlar® волокна. Фрикционные диски имеют «сегментированную» конструкцию, которая увеличивает поток масла и улучшает охлаждение, обеспечивая более длительный срок службы и более плавную и стабильную производительность. Диски из арамидного волокна имеют высокий статический и динамический коэффициент трения , обеспечивают плавное и уверенное включение и выключение сцепления. Металлические диски изготовлены из закаленной стали и проверены на плоскостность. Все полные комплекты сцепления предварительно измерены для правильной высоты пакета, чтобы обеспечить плавную и надежную работу прямо из коробки.

 

Для моделей :
1991-2002 Buell All Models
1997-1998 Buell M2 Cyclone w/stock carb, Domino throttle
1996-1998 Buell S1 Lightning w/stock carb, Domino throttle
1997-1998 Buell S3 Thunderbolt w/stock carb, Domino throttle
1999 Buell X1 Lightning w/stock carb, Domino throttle
1990-1997 Harley Davidson Big Twin
1991-2013 Harley Davidson Sportster', 27300, 'Barnett', 'Комплект дисков сцепления Barnett Kevlar Extra Clutch Kit Buel , Harley Davidson Big Twin , Harley Davidson Sportster', '307-30-10011', 1);
INSERT INTO public.product (id, date_time_of_created, description, price, seller, title, warehouse, category_id) VALUES (4, '2022-12-10 16:40:18.127501', 'K&N BU-1108 Воздушный фильтр нулевого сопротивления в штатное место

Для мотоцикла BUELL 1125R/CR; 08-10', 7840, 'K&N', 'Фильтр нулевого сопротивления KN для BUELL 1125R, CR 08-10 K&N BU-1108', 'BU-1108', 1);
INSERT INTO public.product (id, date_time_of_created, description, price, seller, title, warehouse, category_id) VALUES (5, '2022-12-10 16:41:44.911777', 'K&N BU-5000 Воздушный фильтр нулевого сопротивления в штатное место

Для мотоцикла BUELL BLAST 00-10', 5490, 'K&N', 'Фильтр нулевого сопротивления KN для BUELL BLAST 00-10 K&N BU-5000', 'BU-5000', 1);
INSERT INTO public.product (id, date_time_of_created, description, price, seller, title, warehouse, category_id) VALUES (6, '2022-12-10 16:42:57.933894', '&N BU-1297 Воздушный фильтр нулевого сопротивления в штатное место

Для мотоцикла BUELL S3/S3T THUNDERBOLT 97-02

 ', 8600, 'K&N', 'Фильтр нулевого сопротивления KN для BUELL S3, S3T THUNDERBOLT 97-02 K&N BU-1297', 'BU-1297', 1);
INSERT INTO public.product (id, date_time_of_created, description, price, seller, title, warehouse, category_id) VALUES (7, '2022-12-10 16:44:19.345141', 'BT - ROAD TOURING ORGANIC Минеральный состав фрикционного слоя для дорожного применения
FD0136BT Тормозные колодки для мотоцикла BUELL, HONDA, PEUGEOT, TRIUMPH', 2400, 'NEWFREN', 'FD0136BT Тормозные колодки для BUELL, HONDA, PEUGEOT, TRIUMPH (FDB531P)', 'FD0136B', 1);
INSERT INTO public.product (id, date_time_of_created, description, price, seller, title, warehouse, category_id) VALUES (8, '2022-12-10 16:46:51.741953', 'Сетка багажная 40х40см (пластиковые крючки) 015486OR
Качественная багажная сетка с 6 крючками предназначена для крепления шлема, рюкзака, канистр, личных вещей и т.п. на хвосте мотоцикла, багажниках квадроцикла или снегохода.', 990, 'Rexwear', 'Багажная сетка ОРАНЖЕВАЯ . пластик.крючки 40*40см Rexwear 015486OR', '015486OR', 2);
INSERT INTO public.product (id, date_time_of_created, description, price, seller, title, warehouse, category_id) VALUES (10, NULL, 'Объемная, вмещает даже шлем самого большого размера
Бархатистая изнутри, предотвращающая повреждения и царапины
Двойной замок, соединенный меж собой ремешком.
Кроме обычной маленькой ручки предусмотрен дополнительный ремень, позволяющий носить сумку на плече.', 1870, 'Rexwear', 'Сумка для шлема черная Rexwear 003643', ' 003643', 2);
INSERT INTO public.product (id, date_time_of_created, description, price, seller, title, warehouse, category_id) VALUES (9, NULL, 'Rexwear LL018289 Чехол для мотоцикла
Чехол для наружного и внутреннего хранения мотоцикла
Моточехол подходит для всех дорожных и спортивных мотоциклов.
Подходит для мотоцикла Honda CBR 1000 RR, CBR 1100 XX, Kawasaki Ninja, Suzuki Bandit, GSXR, Hayabusa, Yamaha Fazer, YZF-R1, YZF-R6.', 3040, 'Rexwear', 'Чехол для мотоцикла LL оранжевый Rexwear 018289O', '018289OR', 2);
INSERT INTO public.product (id, date_time_of_created, description, price, seller, title, warehouse, category_id) VALUES (11, '2022-12-10 16:51:05.709215', 'Мембранная пружина сцепления

Barnett 502-00-01077
Parts Unlimited 1131-3137
Tucker Rocky 498060
Примечания:

На 25% жестче, чем стандартная
Рекомендуется для гонок или тяжелых условий эксплуатации, где требуется повышенное давление пружины.
Производство США
 

Для моделей :
1991-2002 Buell All Models
1997-1998 Buell M2 Cyclone w/stock carb, Domino throttle
1996-1998 Buell S1 Lightning w/stock carb, Domino throttle
1997-1998 Buell S3 Thunderbolt w/stock carb, Domino throttle
1999 Buell X1 Lightning w/stock carb, Domino throttle
1990-1997 Harley Davidson Big Twin
1991-2013 Harley Davidson Sportster', 5100, 'Barnett', 'Диафрагменная пружина сцепления Barnett Heavy duty Buel , Harley Davidson Big Twin , Harley Davidson Sportster', '502-00-01077', 1);


--
-- TOC entry 3360 (class 0 OID 24737)
-- Dependencies: 220
-- Data for Name: product_cart; Type: TABLE DATA; Schema: public; Owner: postgres
--



--
-- TOC entry 3366 (class 0 OID 0)
-- Dependencies: 209
-- Name: category_id_seq; Type: SEQUENCE SET; Schema: public; Owner: postgres
--

SELECT pg_catalog.setval('public.category_id_seq', 2, true);


--
-- TOC entry 3367 (class 0 OID 0)
-- Dependencies: 213
-- Name: image_id_seq; Type: SEQUENCE SET; Schema: public; Owner: postgres
--

SELECT pg_catalog.setval('public.image_id_seq', 45, true);


--
-- TOC entry 3368 (class 0 OID 0)
-- Dependencies: 215
-- Name: orders_id_seq; Type: SEQUENCE SET; Schema: public; Owner: postgres
--

SELECT pg_catalog.setval('public.orders_id_seq', 1, true);


--
-- TOC entry 3369 (class 0 OID 0)
-- Dependencies: 211
-- Name: person_id_seq; Type: SEQUENCE SET; Schema: public; Owner: postgres
--

SELECT pg_catalog.setval('public.person_id_seq', 2, true);


--
-- TOC entry 3370 (class 0 OID 0)
-- Dependencies: 219
-- Name: product_cart_id_seq; Type: SEQUENCE SET; Schema: public; Owner: postgres
--

SELECT pg_catalog.setval('public.product_cart_id_seq', 1, true);


--
-- TOC entry 3371 (class 0 OID 0)
-- Dependencies: 217
-- Name: product_id_seq; Type: SEQUENCE SET; Schema: public; Owner: postgres
--

SELECT pg_catalog.setval('public.product_id_seq', 11, true);


--
-- TOC entry 3191 (class 2606 OID 24647)
-- Name: category category_pkey; Type: CONSTRAINT; Schema: public; Owner: postgres
--

ALTER TABLE ONLY public.category
    ADD CONSTRAINT category_pkey PRIMARY KEY (id);


--
-- TOC entry 3195 (class 2606 OID 24720)
-- Name: image image_pkey; Type: CONSTRAINT; Schema: public; Owner: postgres
--

ALTER TABLE ONLY public.image
    ADD CONSTRAINT image_pkey PRIMARY KEY (id);


--
-- TOC entry 3197 (class 2606 OID 24726)
-- Name: orders orders_pkey; Type: CONSTRAINT; Schema: public; Owner: postgres
--

ALTER TABLE ONLY public.orders
    ADD CONSTRAINT orders_pkey PRIMARY KEY (id);


--
-- TOC entry 3193 (class 2606 OID 24667)
-- Name: person person_pkey; Type: CONSTRAINT; Schema: public; Owner: postgres
--

ALTER TABLE ONLY public.person
    ADD CONSTRAINT person_pkey PRIMARY KEY (id);


--
-- TOC entry 3203 (class 2606 OID 24741)
-- Name: product_cart product_cart_pkey; Type: CONSTRAINT; Schema: public; Owner: postgres
--

ALTER TABLE ONLY public.product_cart
    ADD CONSTRAINT product_cart_pkey PRIMARY KEY (id);


--
-- TOC entry 3199 (class 2606 OID 24735)
-- Name: product product_pkey; Type: CONSTRAINT; Schema: public; Owner: postgres
--

ALTER TABLE ONLY public.product
    ADD CONSTRAINT product_pkey PRIMARY KEY (id);


--
-- TOC entry 3201 (class 2606 OID 24743)
-- Name: product uk_qka6vxqdy1dprtqnx9trdd47c; Type: CONSTRAINT; Schema: public; Owner: postgres
--

ALTER TABLE ONLY public.product
    ADD CONSTRAINT uk_qka6vxqdy1dprtqnx9trdd47c UNIQUE (title);


--
-- TOC entry 3205 (class 2606 OID 24749)
-- Name: orders fk1b0m4muwx1t377w9if3w6wwqn; Type: FK CONSTRAINT; Schema: public; Owner: postgres
--

ALTER TABLE ONLY public.orders
    ADD CONSTRAINT fk1b0m4muwx1t377w9if3w6wwqn FOREIGN KEY (person_id) REFERENCES public.person(id);


--
-- TOC entry 3207 (class 2606 OID 24759)
-- Name: product fk1mtsbur82frn64de7balymq9s; Type: FK CONSTRAINT; Schema: public; Owner: postgres
--

ALTER TABLE ONLY public.product
    ADD CONSTRAINT fk1mtsbur82frn64de7balymq9s FOREIGN KEY (category_id) REFERENCES public.category(id);


--
-- TOC entry 3206 (class 2606 OID 24754)
-- Name: orders fk787ibr3guwp6xobrpbofnv7le; Type: FK CONSTRAINT; Schema: public; Owner: postgres
--

ALTER TABLE ONLY public.orders
    ADD CONSTRAINT fk787ibr3guwp6xobrpbofnv7le FOREIGN KEY (product_id) REFERENCES public.product(id);


--
-- TOC entry 3204 (class 2606 OID 24744)
-- Name: image fkgpextbyee3uk9u6o2381m7ft1; Type: FK CONSTRAINT; Schema: public; Owner: postgres
--

ALTER TABLE ONLY public.image
    ADD CONSTRAINT fkgpextbyee3uk9u6o2381m7ft1 FOREIGN KEY (product_id) REFERENCES public.product(id);


--
-- TOC entry 3209 (class 2606 OID 24769)
-- Name: product_cart fkhpnrxdy3jhujameyod08ilvvw; Type: FK CONSTRAINT; Schema: public; Owner: postgres
--

ALTER TABLE ONLY public.product_cart
    ADD CONSTRAINT fkhpnrxdy3jhujameyod08ilvvw FOREIGN KEY (product_id) REFERENCES public.product(id);


--
-- TOC entry 3208 (class 2606 OID 24764)
-- Name: product_cart fksgnkc1ko2i1o9yr2p63ysq3rn; Type: FK CONSTRAINT; Schema: public; Owner: postgres
--

ALTER TABLE ONLY public.product_cart
    ADD CONSTRAINT fksgnkc1ko2i1o9yr2p63ysq3rn FOREIGN KEY (person_id) REFERENCES public.person(id);


-- Completed on 2022-12-11 10:19:55

--
-- PostgreSQL database dump complete
--

